,rid,disease_cui,symptom_cui
0,1,C0001175,C1720342
1,898,C0001175,C1720231
2,1167,C0001175,C1719857
3,2,C0001314,C0232597
4,308,C0001314,C0585542
5,1168,C0001314,C0155002
6,3,C0001344,C0242429
7,4,C0001344,C0423630
8,1169,C0001396,C0039070
9,2051,C0002418,C1571956
10,5,C0002453,C0497456
11,309,C0002963,C0002962
12,592,C0002963,C0030193
13,6,C0003123,C0426579
14,1758,C0003460,C0028962
15,1455,C0004095,C0422943
16,1456,C0004095,C0042818
17,1759,C0004095,C0234660
18,593,C0004509,C0232983
19,1457,C0004509,C0232982
20,1458,C0004606,C1319539
21,1459,C0004608,C1319589
22,1760,C0004608,C1319587
23,2052,C0004608,C1319588
24,7,C0004782,C0221169
25,8,C0005461,C0547030
26,1761,C0005937,C0577572
27,594,C0006111,C0341865
28,310,C0006145,C0425791
29,899,C0006145,C0233390
30,311,C0006261,C0264345
31,1170,C0006430,C0017672
32,2053,C0006430,C0241426
33,2054,C0006430,C0012766
34,9,C0007222,C0700200
35,1460,C0007222,C0039070
36,900,C0007462,C0030193
37,595,C0007682,C0521668
38,1171,C0007682,C0018991
39,1461,C0007682,C1321324
40,901,C0007760,C0007758
41,312,C0007761,C0027066
42,1462,C0007761,C1961111
43,1762,C0007761,C0007758
44,1172,C0007862,C0030193
45,2055,C0007863,C0578055
46,10,C0007932,C0007942
47,11,C0008489,C0427086
48,1173,C0008489,C0454605
49,902,C0008679,C0232598
50,12,C0008711,C0264272
51,1763,C0008711,C1563338
52,313,C0009088,C0030193
53,596,C0009088,C0018681
54,1174,C0009088,C0027796
55,1175,C0009373,C0009806
56,2056,C0009421,C0362036
57,1176,C0009443,C0426471
58,13,C0009663,C0343731
59,14,C0009663,C0240715
60,2057,C0009663,C0577567
61,597,C0009952,C0036572
62,1177,C0010034,C0339249
63,903,C0010073,C0348588
64,314,C0010264,C0026821
65,1463,C0010264,C1536352
66,315,C0010269,C0027796
67,316,C0010269,C0030193
68,15,C0010314,C0234861
69,1178,C0010488,C0030193
70,16,C0011168,C0392678
71,1179,C0011168,C0221150
72,1464,C0011168,C0426601
73,1465,C0011168,C1542154
74,17,C0011346,C1290644
75,317,C0011346,C1290643
76,1466,C0011432,C0241457
77,1764,C0011432,C0241462
78,2058,C0011603,C0152030
79,598,C0011606,C0041834
80,18,C0011757,C0478662
81,318,C0011849,C1319540
82,904,C0011849,C1319537
83,905,C0011849,C1319539
84,1180,C0011849,C1319542
85,1467,C0011849,C1319541
86,1765,C0011849,C1319544
87,2059,C0011849,C1319538
88,2060,C0011849,C1319543
89,19,C0011884,C1319537
90,2061,C0011884,C1319538
91,20,C0012569,C0547030
92,1181,C0012569,C0271190
93,1766,C0012569,C0271186
94,319,C0012634,C0042963
95,1468,C0012634,C0037088
96,320,C0013080,C0234862
97,2062,C0013238,C0314719
98,1182,C0013369,C0011991
99,21,C0013384,C0234979
100,1469,C0013384,C0235778
101,1470,C0013384,C0234131
102,1471,C0013384,C0520966
103,1767,C0013384,C0234357
104,321,C0013394,C0423610
105,2063,C0013394,C0423746
106,599,C0013405,C1956415
107,1183,C0013405,C0013404
108,322,C0013423,C0393610
109,906,C0013447,C0034880
110,907,C0013447,C0271412
111,1472,C0013447,C0155536
112,1768,C0013447,C0439029
113,908,C0013537,C0036572
114,1473,C0013677,C0038187
115,323,C0014122,C0240608
116,22,C0014130,C0578054
117,600,C0014130,C0577571
118,601,C0014175,C0030193
119,324,C0014177,C0030193
120,23,C0014518,C0041834
121,602,C0014544,C0036572
122,1769,C0014544,C0234542
123,1770,C0014544,C0751495
124,325,C0014547,C0751495
125,1184,C0014547,C0036572
126,326,C0014548,C0036572
127,327,C0014549,C0036572
128,24,C0014550,C0027066
129,2064,C0014550,C0036572
130,1185,C0014553,C0036572
131,2065,C0014553,C0490011
132,1474,C0014556,C0036572
133,2066,C0014718,C0041834
134,2067,C0014740,C0041834
135,328,C0014742,C0041834
136,25,C0014747,C0041834
137,603,C0014804,C0041834
138,1475,C0014804,C0030193
139,604,C0014805,C0030193
140,2068,C0014805,C0041834
141,2069,C0014866,C0232536
142,26,C0015230,C0221201
143,27,C0015230,C0848332
144,1186,C0015230,C0406146
145,1771,C0015230,C0041834
146,2070,C0015230,C0221232
147,1772,C0015300,C0339142
148,605,C0015371,C0221169
149,1187,C0015371,C0004158
150,28,C0015397,C1282194
151,606,C0015397,C0339693
152,2071,C0015397,C0423006
153,1476,C0015423,C0005747
154,329,C0015544,C0558450
155,607,C0015544,C0476240
156,1188,C0015544,C0231246
157,330,C0015634,C0391860
158,1773,C0015674,C0695252
159,29,C0015732,C0344374
160,30,C0015732,C2921132
161,608,C0015732,C0474500
162,1189,C0015732,C0473136
163,1190,C0015732,C0333255
164,1774,C0015732,C0473137
165,2072,C0015732,C0401155
166,2073,C0015732,C0429955
167,609,C0015930,C0565619
168,1477,C0015930,C0565618
169,2074,C0016053,C0030193
170,31,C0016399,C0036572
171,610,C0016399,C0490011
172,1775,C0016399,C0751495
173,1191,C0016428,C0577566
174,1192,C0016696,C0042755
175,909,C0016807,C0009806
176,910,C0016807,C0232719
177,1193,C0016807,C0426649
178,2075,C0016807,C0345246
179,1776,C0017332,C0036572
180,1194,C0017411,C0521635
181,1195,C0017411,C0577570
182,611,C0017412,C0156317
183,612,C0017412,C0236078
184,911,C0017412,C0521628
185,1777,C0017412,C0039591
186,1778,C0017412,C0406671
187,2076,C0017412,C0521629
188,2077,C0017412,C0560253
189,2078,C0017412,C0578086
190,2079,C0018196,C0577562
191,912,C0018776,C1719454
192,613,C0018975,C0155001
193,1196,C0018989,C0375218
194,32,C0019125,C0271412
195,33,C0020451,C0042963
196,1478,C0020451,C0020450
197,331,C0020454,C0020453
198,1197,C0020454,C0012766
199,1479,C0020524,C0221540
200,332,C0020538,C0221154
201,614,C0020555,C0576433
202,913,C0020555,C0576430
203,2080,C0020555,C0576431
204,1779,C0020758,C0456122
205,1780,C0021290,C0270261
206,2081,C0021603,C0917801
207,333,C0021807,C0041834
208,34,C0021831,C0426576
209,2082,C0021831,C0577566
210,914,C0022353,C1565887
211,915,C0022354,C0476232
212,2083,C0022362,C0521588
213,334,C0022408,C0409557
214,916,C0022541,C0029089
215,2084,C0022782,C0521629
216,1781,C0022890,C0339780
217,2085,C0022904,C0155227
218,1198,C0023009,C0003564
219,1199,C0023066,C0038450
220,1782,C0023066,C0037763
221,917,C0023533,C1534486
222,1480,C0023533,C0473312
223,1481,C0023760,C0267028
224,2086,C0023760,C0424489
225,1200,C0023895,C0019209
226,1482,C0023895,C1262535
227,918,C0024207,C0240273
228,2087,C0024207,C0578081
229,2088,C0024248,C0577564
230,335,C0024530,C1279511
231,919,C0024530,C0277799
232,615,C0025209,C0263571
233,336,C0025218,C0263571
234,1201,C0025281,C0456800
235,1783,C0025303,C0406146
236,35,C0025517,C0020639
237,1202,C0025517,C0032617
238,337,C0026603,C0027497
239,1483,C0026618,C0399411
240,338,C0026636,C1290771
241,2089,C0026636,C0521591
242,2090,C0026636,C0521592
243,920,C0026650,C0027066
244,921,C0026650,C0239779
245,1203,C0026650,C0393903
246,339,C0026848,C0581358
247,2091,C0026848,C3266173
248,922,C0026893,C0458242
249,1784,C0026893,C0575064
250,2092,C0026893,C0231528
251,1204,C0027145,C0333252
252,616,C0027339,C0263538
253,1205,C0027339,C0038605
254,1484,C0027339,C0263540
255,923,C0027404,C0917799
256,617,C0027436,C0030193
257,36,C0027438,C0030214
258,2093,C0027765,C0701795
259,2094,C0028432,C1260880
260,1206,C0028709,C0159043
261,37,C0028738,C1321325
262,340,C0028738,C0521766
263,924,C0028738,C0344242
264,925,C0028738,C0521765
265,926,C0028738,C0344240
266,1207,C0028738,C0339667
267,1208,C0028738,C0521763
268,1209,C0028738,C0521764
269,1485,C0028738,C0585566
270,2095,C0028738,C0344244
271,1210,C0028850,C0271397
272,2096,C0028850,C0029089
273,38,C0028992,C1301340
274,1486,C0029411,C0149651
275,39,C0029498,C0030218
276,341,C0029498,C0236065
277,927,C0029498,C1290771
278,1211,C0029498,C0399459
279,1212,C0029498,C0426487
280,1213,C0029498,C0451633
281,1214,C0029498,C0578051
282,1487,C0029498,C0221776
283,1488,C0029498,C0472514
284,1489,C0029498,C0578082
285,2097,C0029498,C0577565
286,2098,C0029498,C1579838
287,1785,C0029546,C0019214
288,40,C0029581,C0264272
289,41,C0029581,C0578046
290,342,C0029581,C0264274
291,928,C0029581,C0027424
292,929,C0029581,C0578047
293,1215,C0029581,C1260880
294,1490,C0029581,C0152029
295,1786,C0029581,C0032781
296,2099,C0029581,C0451632
297,618,C0029594,C0020639
298,42,C0029620,C0521766
299,43,C0029620,C1321324
300,343,C0029620,C0344239
301,344,C0029620,C0521763
302,345,C0029620,C0521764
303,930,C0029620,C0344246
304,931,C0029620,C0349683
305,932,C0029620,C0521762
306,933,C0029620,C0521765
307,934,C0029620,C1321325
308,1491,C0029620,C0339667
309,1787,C0029620,C0349681
310,2100,C0029620,C0349684
311,44,C0029741,C0026825
312,45,C0029741,C0259813
313,619,C0029741,C3266172
314,346,C0029770,C0241457
315,347,C0029770,C0241462
316,1492,C0029771,C0278021
317,1788,C0029771,C0522071
318,46,C0029776,C0426390
319,620,C0029776,C0423735
320,2101,C0029776,C0005687
321,1216,C0029781,C0458090
322,47,C0029782,C0278107
323,48,C0029782,C0577569
324,621,C0029782,C0232978
325,622,C0029782,C0423715
326,935,C0029782,C1288081
327,1217,C0029782,C0234038
328,1218,C0029782,C0241656
329,2102,C0029782,C0232979
330,2103,C0029782,C0235808
331,1789,C0029785,C0521632
332,49,C0029788,C0424489
333,50,C0029788,C1279511
334,348,C0029788,C0277943
335,623,C0029788,C0221201
336,936,C0029788,C0221232
337,937,C0029788,C0574922
338,1219,C0029788,C0277962
339,2104,C0029788,C0406400
340,2105,C0029788,C0558143
341,1790,C0029790,C0266952
342,51,C0029794,C0263355
343,52,C0029794,C0406402
344,1220,C0029794,C0041834
345,1221,C0029794,C0456495
346,1493,C0029794,C0574921
347,1791,C0029794,C1446312
348,1494,C0029805,C0277938
349,2106,C0029805,C0406548
350,2107,C0029816,C0343239
351,1792,C0029819,C0566948
352,53,C0029821,C0239739
353,1793,C0029821,C0277986
354,2108,C0029827,C0005409
355,1495,C0029839,C0406411
356,938,C0029856,C0231532
357,939,C0030286,C0522070
358,2109,C0030331,C0041834
359,1496,C0030353,C0577560
360,1222,C0030436,C0041834
361,1794,C0030463,C0027066
362,1795,C0030469,C0152029
363,940,C0030486,C0452143
364,1223,C0030486,C0278119
365,54,C0030508,C0393775
366,55,C0030508,C0424284
367,1796,C0030508,C0424275
368,56,C0030567,C0586392
369,57,C0030846,C0149751
370,1224,C0030846,C0156308
371,1225,C0030846,C0268988
372,1497,C0030846,C0497481
373,58,C0031029,C0577565
374,59,C0031117,C0344306
375,60,C0031117,C0423709
376,1226,C0031117,C0027796
377,624,C0031121,C0231623
378,625,C0031121,C0344306
379,626,C0031121,C0423714
380,941,C0031121,C0423713
381,942,C0031121,C0027796
382,1227,C0031121,C0423709
383,1228,C0031121,C0423710
384,1498,C0031121,C0036396
385,1499,C0031121,C0423707
386,1500,C0031121,C0423715
387,1797,C0031121,C0423708
388,1798,C0031121,C0030193
389,1501,C0031142,C0401020
390,1229,C0031256,C0456073
391,2110,C0031350,C0242429
392,349,C0031736,C0406216
393,61,C0031762,C0406219
394,1502,C0032238,C0030193
395,1503,C0032266,C0577566
396,627,C0032533,C0521516
397,1230,C0032533,C0030193
398,350,C0032768,C0027796
399,1504,C0032768,C0030193
400,628,C0032772,C0027796
401,1505,C0032772,C0030193
402,1231,C0032962,C0686344
403,1506,C0032962,C0033776
404,351,C0033036,C0232209
405,1799,C0033103,C0745966
406,62,C0033117,C1535347
407,2111,C0033117,C0233973
408,1507,C0033139,C0917801
409,629,C0033575,C0242453
410,1232,C0033575,C0392071
411,1800,C0033575,C0240812
412,943,C0033771,C0033774
413,1508,C0033772,C0033774
414,352,C0033893,C0018681
415,2112,C0033893,C0231613
416,353,C0034150,C0340979
417,63,C0034372,C0751460
418,944,C0034544,C0027796
419,2113,C0034931,C0030193
420,354,C0034951,C0003078
421,1801,C0034951,C0271186
422,1802,C0035204,C0231796
423,1803,C0035204,C1384488
424,630,C0035309,C1319587
425,1509,C0035309,C0278230
426,945,C0035455,C0264272
427,1804,C0035455,C1997818
428,64,C0036093,C0266996
429,2114,C0036323,C0005409
430,631,C0036412,C0235980
431,632,C0036413,C0241165
432,65,C0036454,C0438434
433,633,C0036454,C0438432
434,1233,C0036454,C1268591
435,2115,C0036454,C0235068
436,355,C0037120,C0333240
437,66,C0037274,C0340979
438,634,C0037274,C0152030
439,1234,C0037274,C0241165
440,1805,C0037274,C0033774
441,1510,C0037278,C0240608
442,635,C0037280,C1279511
443,67,C0037284,C0263538
444,1235,C0037284,C0848332
445,1806,C0037284,C0007943
446,636,C0037315,C0020530
447,1807,C0037672,C0424284
448,1511,C0037769,C0036572
449,68,C0037887,C0030193
450,946,C0037928,C0270777
451,2116,C0037933,C0410577
452,1512,C0038034,C0007940
453,947,C0038220,C0036572
454,1513,C0038325,C0041834
455,637,C0038354,C0221151
456,1236,C0038354,C0581358
457,1237,C0038379,C1578670
458,356,C0038868,C0029089
459,1238,C0038870,C0030193
460,1239,C0039584,C1288081
461,69,C0039621,C0231785
462,70,C0039978,C0344306
463,638,C0040128,C0542134
464,639,C0040128,C0578750
465,1240,C0040381,C0030193
466,71,C0040409,C0017672
467,640,C0040409,C0241426
468,1514,C0040409,C2939427
469,1808,C0040409,C0520559
470,2117,C0040409,C0241439
471,948,C0040435,C0266952
472,1515,C0040997,C0030193
473,1516,C0041105,C0234131
474,641,C0041227,C0007942
475,2118,C0041309,C0007943
476,72,C0041785,C0406569
477,1241,C0041912,C0264272
478,73,C0042024,C0150044
479,949,C0042024,C0232847
480,1517,C0042024,C0559753
481,2119,C0042024,C0150045
482,2120,C0042024,C0401155
483,1242,C0042025,C0869256
484,357,C0042033,C0232955
485,642,C0042075,C0032617
486,2121,C0042075,C0426317
487,74,C0042109,C0406407
488,75,C0042109,C0221232
489,643,C0042109,C0406399
490,950,C0042109,C0406400
491,951,C0042109,C0406404
492,952,C0042109,C0406406
493,953,C0042109,C0406411
494,1518,C0042109,C0406403
495,1519,C0042109,C0406405
496,1520,C0042109,C1304408
497,1809,C0042109,C0406408
498,76,C0042251,C0042256
499,1810,C0042251,C0018933
500,1521,C0042268,C0581909
501,644,C0042331,C0018681
502,645,C0042345,C0585977
503,1811,C0042345,C0341961
504,2122,C0042345,C0585958
505,1812,C0042373,C0456122
506,1522,C0042376,C0521668
507,1813,C0042376,C0018681
508,954,C0042420,C0039070
509,358,C0042454,C2712367
510,955,C0042656,C0030193
511,1523,C0042769,C0393766
512,1243,C0042795,C0155001
513,956,C0042798,C0547030
514,1244,C0042798,C0234706
515,1524,C0042798,C0234705
516,77,C0042994,C0033778
517,1245,C0042994,C0520586
518,2123,C0042996,C0566909
519,957,C0043037,C0343731
520,359,C0043046,C0006625
521,646,C0043345,C0151908
522,1246,C0043352,C0399590
523,1525,C0079035,C0410919
524,1247,C0080040,C0585627
525,1248,C0085096,C0232373
526,1814,C0085096,C1996961
527,958,C0085109,C0474344
528,2124,C0085179,C0030193
529,959,C0085273,C0041834
530,647,C0085417,C0751495
531,1815,C0085417,C0036572
532,2125,C0085541,C0036572
533,1249,C0085543,C0751495
534,1526,C0085543,C0036572
535,960,C0085580,C0221154
536,360,C0085622,C0159034
537,361,C0085622,C0270795
538,1250,C0085623,C0840927
539,1816,C0085623,C0234131
540,1527,C0085642,C0030232
541,1251,C0085648,C0577572
542,78,C0085659,C0041834
543,2126,C0085920,C0030193
544,79,C0086588,C0013911
545,648,C0086666,C0002962
546,1528,C0086666,C0030193
547,649,C0087012,C0004134
548,1252,C0149778,C0264272
549,1529,C0149797,C1301340
550,80,C0149875,C0030193
551,81,C0149875,C1283829
552,1253,C0149931,C0018681
553,362,C0149940,C0036396
554,650,C0149942,C0029089
555,363,C0150055,C0232491
556,364,C0150055,C0478148
557,651,C0150055,C0404484
558,652,C0150055,C0476481
559,961,C0150055,C0686729
560,1530,C0150055,C1960183
561,1817,C0150055,C0231385
562,82,C0151436,C1304408
563,1818,C0151514,C0406548
564,653,C0151532,C0585540
565,1254,C0151532,C0030214
566,1531,C0151594,C0011991
567,83,C0151740,C0159036
568,1532,C0151744,C0002962
569,365,C0151824,C0232488
570,654,C0151824,C0000737
571,1255,C0151824,C0578052
572,366,C0151864,C0405064
573,1819,C0152027,C0159036
574,655,C0152091,C0560609
575,962,C0152091,C0151825
576,1820,C0152091,C0581323
577,1256,C0152097,C0232082
578,1821,C0152097,C0232083
579,2127,C0152097,C0521532
580,84,C0152110,C0423707
581,963,C0152110,C0030193
582,656,C0152134,C0029089
583,2128,C0152135,C0029089
584,1257,C0152163,C0037763
585,367,C0152164,C0152165
586,1533,C0152167,C0426649
587,1822,C0152172,C0002962
588,2129,C0152172,C0030193
589,1823,C0152197,C0339693
590,368,C0152216,C0423075
591,2130,C0152216,C1578670
592,1824,C0152226,C0155204
593,1825,C0152227,C3257803
594,1826,C0152227,C1536289
595,85,C0152230,C0406407
596,1258,C0152230,C0406406
597,86,C0152251,C0041834
598,369,C0152251,C0302310
599,87,C0152437,C0577570
600,1534,C0152457,C0339257
601,370,C0152522,C0011991
602,1259,C0153024,C0030193
603,88,C0153136,C0240920
604,1260,C0154232,C0423178
605,657,C0154678,C0004158
606,964,C0154678,C0393588
607,89,C0154685,C0270777
608,1261,C0154702,C0375224
609,1827,C0154703,C0751409
610,658,C0154706,C0234363
611,965,C0154706,C0234544
612,1262,C0154706,C0085620
613,1828,C0154706,C0231668
614,659,C0154723,C0018681
615,1829,C0154728,C0025287
616,966,C0154731,C0030193
617,90,C0154739,C0344306
618,1830,C0154739,C0423713
619,660,C0154753,C0423709
620,1535,C0154830,C1319541
621,2131,C0154830,C1319542
622,2132,C0154836,C0423386
623,967,C0154840,C0149793
624,371,C0155006,C0563608
625,661,C0155006,C0233763
626,1536,C0155006,C0547030
627,1537,C0155006,C0424071
628,1831,C0155006,C0424072
629,372,C0155089,C0391860
630,662,C0155093,C0474344
631,1832,C0155104,C0271276
632,663,C0155170,C0577560
633,1263,C0155171,C1828308
634,1538,C0155171,C1828409
635,373,C0155186,C0560024
636,968,C0155186,C0278225
637,91,C0155358,C1562724
638,664,C0155358,C0235980
639,1833,C0155359,C0339205
640,1539,C0155402,C0576837
641,1540,C0155502,C0585542
642,969,C0155503,C0042571
643,2133,C0155503,C0234757
644,92,C0155527,C0577585
645,374,C0155527,C0577561
646,665,C0155527,C0522347
647,1541,C0155527,C0522348
648,93,C0155796,C0341961
649,1542,C0155796,C0585958
650,2134,C0155803,C0425665
651,375,C0155825,C0242429
652,1264,C0155872,C0235568
653,1543,C0155872,C0264345
654,970,C0155895,C0333240
655,1265,C0155919,C0333240
656,94,C0155936,C0239739
657,95,C0155959,C0577565
658,1266,C0155965,C2939427
659,376,C0156084,C0426576
660,971,C0156098,C0267633
661,1544,C0156173,C0473131
662,2135,C0156297,C0392071
663,666,C0156325,C0425791
664,1267,C0156325,C0567494
665,1268,C0156325,C0233390
666,1545,C0156325,C0567493
667,1834,C0156325,C0233389
668,377,C0156344,C0030193
669,1546,C0156345,C0030193
670,96,C0156346,C0030193
671,1269,C0156347,C0030193
672,667,C0156348,C0030193
673,1835,C0156383,C0278053
674,2136,C0156407,C0232968
675,972,C0156678,C0036572
676,668,C0156697,C0042963
677,973,C0157669,C0558161
678,1547,C0157729,C0263634
679,669,C0157731,C0423813
680,670,C0157731,C1277673
681,974,C0157731,C0221261
682,975,C0157731,C0263538
683,976,C0157731,C0574925
684,1270,C0157731,C0423818
685,1548,C0157731,C0263531
686,1549,C0157731,C0277952
687,1550,C0157731,C0423812
688,1836,C0157731,C0038605
689,1837,C0157731,C0263534
690,1838,C0157731,C0263540
691,1839,C0157731,C0423823
692,671,C0157735,C0686766
693,977,C0157735,C0686765
694,978,C0158053,C0231753
695,97,C0158225,C0574992
696,98,C0158227,C0576137
697,1271,C0158228,C0575000
698,1840,C0158231,C0231654
699,1841,C0158231,C0574987
700,1842,C0158232,C0574988
701,1551,C0158233,C0574989
702,672,C0158234,C0574993
703,1843,C0158281,C0231612
704,99,C0158292,C0423686
705,979,C0158292,C0458232
706,980,C0158292,C0574994
707,1844,C0158292,C0575018
708,2137,C0158292,C0175848
709,981,C0158296,C0009193
710,100,C0158298,C0575012
711,1552,C0158298,C0423683
712,1553,C0158319,C0025587
713,673,C0158326,C0575045
714,982,C0158326,C0575047
715,2138,C0158326,C0575048
716,983,C0158334,C0577572
717,674,C0158352,C0037771
718,675,C0158352,C0427202
719,1272,C0158352,C0427201
720,1273,C0158352,C0586738
721,1554,C0158352,C0278118
722,1845,C0158352,C0231438
723,1846,C0158352,C0231440
724,1847,C0158352,C0577655
725,2139,C0158352,C0427055
726,2140,C0158352,C0575058
727,378,C0158370,C0587047
728,676,C0158370,C0577573
729,677,C0158370,C0343211
730,2141,C0158940,C0231835
731,1555,C0158976,C1262535
732,678,C0159020,C0036572
733,379,C0159027,C0233193
734,2142,C0159027,C0521651
735,2143,C0159027,C1301340
736,101,C0162281,C0339249
737,2144,C0162281,C0339250
738,2145,C0162281,C0339251
739,984,C0162292,C0029089
740,380,C0162296,C0003862
741,679,C0162429,C0392513
742,1848,C0162429,C0038187
743,680,C0162627,C0406146
744,1556,C0162672,C0036572
745,1274,C0162809,C0003126
746,985,C0162819,C0016382
747,986,C0162819,C0406548
748,987,C0162835,C0262977
749,102,C0178298,C0559537
750,381,C0178298,C0555957
751,988,C0178298,C0686768
752,1275,C0178298,C1442877
753,1557,C0178298,C1274926
754,1849,C0178298,C0277941
755,989,C0178829,C0033777
756,2146,C0205930,C0030193
757,1850,C0206042,C0917801
758,103,C0206064,C0008031
759,1851,C0206064,C0029537
760,990,C0206586,C0456800
761,104,C0220669,C0036572
762,991,C0221005,C0019209
763,1558,C0221048,C0333252
764,1852,C0221058,C0029089
765,2147,C0221058,C0018681
766,1853,C0221061,C0007758
767,382,C0221152,C0009806
768,992,C0221207,C0406404
769,993,C0221207,C0406405
770,105,C0221237,C1534991
771,681,C0221243,C0041834
772,106,C0221260,C0263534
773,1559,C0221260,C0221261
774,1854,C0221260,C0263531
775,1560,C0221370,C0156324
776,383,C0221385,C0333422
777,1855,C0231586,C0086437
778,1561,C0231644,C0008031
779,1562,C0231644,C0151825
780,994,C0231657,C0158206
781,1276,C0231767,C0231529
782,1856,C0231767,C0023222
783,1563,C0231926,C1260922
784,682,C0232065,C0003580
785,107,C0232266,C0375546
786,2148,C0232705,C2921132
787,1277,C0232710,C0011991
788,683,C0232711,C0011991
789,2149,C0232826,C0159064
790,1278,C0233213,C0233179
791,684,C0233444,C0392674
792,384,C0233501,C0233509
793,1857,C0233949,C0159043
794,385,C0234136,C0159036
795,108,C0234138,C0375218
796,2150,C0234139,C0746674
797,995,C0234142,C0159036
798,109,C0234143,C0159036
799,110,C0234170,C0034933
800,2151,C0234221,C0030554
801,2152,C0234240,C0018681
802,386,C0234247,C0030193
803,2153,C0234247,C0027796
804,996,C0234249,C0030193
805,111,C0234365,C0427086
806,1564,C0234365,C0004158
807,387,C0234434,C0039070
808,1858,C0234435,C0010200
809,112,C0234497,C0478145
810,1859,C0234507,C0029625
811,113,C0234517,C2712367
812,388,C0234527,C0478145
813,389,C0234533,C0036572
814,685,C0234533,C0494475
815,1565,C0234533,C0490011
816,390,C0234534,C0490011
817,1860,C0234534,C0036572
818,2154,C0234535,C0490011
819,1279,C0234536,C0490011
820,686,C0234538,C0036572
821,2155,C0234538,C0490011
822,391,C0234539,C0036572
823,687,C0234541,C0036572
824,2156,C0234541,C0490011
825,688,C0234545,C0036572
826,392,C0234549,C0490011
827,2157,C0234549,C0036572
828,393,C0234753,C0042571
829,114,C0234755,C0042571
830,115,C0234755,C0476206
831,1566,C0234756,C0042571
832,997,C0234906,C0041834
833,2158,C0234906,C0302310
834,116,C0234974,C0036572
835,1567,C0234974,C0490011
836,1861,C0234974,C0751495
837,1568,C0234978,C0036572
838,998,C0235238,C0339693
839,1280,C0235522,C0221226
840,1862,C0235560,C0019079
841,1569,C0235840,C0011991
842,1863,C0236036,C0041834
843,2159,C0236048,C0577566
844,1864,C0236103,C0234943
845,1281,C0238111,C0036572
846,2160,C0238185,C0333252
847,2161,C0238232,C0577562
848,394,C0238738,C0037763
849,117,C0238902,C0030193
850,1282,C0238902,C0018681
851,1283,C0240225,C0577566
852,118,C0241075,C0159040
853,1284,C0241880,C0030193
854,999,C0242078,C0577560
855,1865,C0242225,C0547030
856,689,C0242354,C0406569
857,119,C0242420,C0271052
858,1570,C0242420,C0271050
859,690,C0260662,C0521788
860,395,C0262979,C0007942
861,1285,C0262995,C0391860
862,120,C0263014,C0158297
863,1286,C0263015,C0158297
864,1000,C0263112,C1301340
865,2162,C0263152,C1301340
866,1866,C0263191,C1301340
867,1867,C0263213,C0085641
868,396,C0263216,C0085641
869,691,C0263217,C0085641
870,2163,C0263318,C0041834
871,121,C0263319,C0041834
872,1001,C0263320,C0041834
873,2164,C0263322,C0041834
874,122,C0263323,C0041834
875,1868,C0263336,C0406411
876,2165,C0263342,C0332573
877,1287,C0263351,C0157725
878,2166,C0263351,C0033774
879,1002,C0263352,C0033774
880,397,C0263353,C0033774
881,123,C0263357,C0041834
882,1288,C0263358,C0302310
883,1571,C0263358,C0041834
884,1869,C0263359,C0041834
885,692,C0263360,C0041834
886,693,C0263398,C0041834
887,1289,C0263426,C0041834
888,124,C0263427,C0041834
889,2167,C0263471,C0041834
890,1572,C0263577,C0041834
891,125,C0263589,C0013196
892,1573,C0263599,C0013196
893,398,C0263630,C0263634
894,1003,C0263654,C0030193
895,1870,C0263655,C0030193
896,1574,C0263656,C0476228
897,1004,C0263657,C0476228
898,1005,C0263658,C0476228
899,1006,C0263660,C0343211
900,694,C0263835,C0311222
901,695,C0263843,C1578453
902,126,C0263866,C0036396
903,1007,C0263866,C0030193
904,1575,C0263885,C0040485
905,696,C0263888,C0423714
906,1576,C0263888,C0423713
907,1871,C0263893,C0158297
908,1290,C0263894,C0030193
909,1577,C0263894,C0036396
910,127,C0263964,C0577572
911,1291,C0263978,C0522034
912,1578,C0264003,C0030193
913,1579,C0264004,C0030193
914,697,C0264130,C0030193
915,2168,C0264201,C0458087
916,1580,C0264280,C0472514
917,2169,C0264291,C0577562
918,2170,C0264291,C0577566
919,1008,C0264305,C0018991
920,1581,C0264309,C0264599
921,1872,C0264477,C0391860
922,1873,C0264584,C0577572
923,128,C0264589,C0264588
924,1582,C0264594,C0264609
925,1292,C0264597,C0264588
926,698,C0264600,C0264602
927,699,C0264600,C2712366
928,1583,C0264600,C0264609
929,1874,C0264600,C0264601
930,399,C0264603,C0264602
931,1009,C0264603,C0264601
932,1584,C0264604,C2712366
933,700,C0264608,C0027066
934,400,C0264611,C0478145
935,1293,C0264611,C0003564
936,401,C0264612,C2712367
937,701,C0264613,C2712366
938,1010,C0264619,C2712366
939,1011,C0264620,C2712366
940,1585,C0264621,C2712366
941,402,C0264622,C2712366
942,1875,C0264624,C0577562
943,1012,C0264625,C0577562
944,1586,C0264632,C2712366
945,1587,C0264634,C2712366
946,702,C0264675,C0030193
947,1294,C0264675,C0002962
948,1295,C0264675,C0348588
949,1296,C0264676,C0348588
950,1876,C0264676,C0002962
951,2171,C0264676,C0030193
952,403,C0264677,C0348588
953,1297,C0264677,C0030193
954,2172,C0264677,C0002962
955,129,C0264678,C0030193
956,404,C0264678,C0348588
957,1877,C0264678,C0002962
958,1013,C0264679,C0030193
959,1298,C0264679,C0002962
960,405,C0264680,C0030193
961,1299,C0264680,C0002962
962,1588,C0264680,C0348588
963,130,C0264681,C0030193
964,1878,C0264681,C0002962
965,1879,C0264681,C0348588
966,1014,C0264693,C0030193
967,1880,C0264886,C0232199
968,406,C0265808,C0521800
969,1589,C0265808,C0010520
970,1881,C0265894,C0587047
971,131,C0266000,C0221261
972,1300,C0266102,C0577566
973,2173,C0266104,C0577565
974,1882,C0266105,C0577566
975,2174,C0266835,C0375556
976,407,C0266837,C0232488
977,1301,C0266919,C0577565
978,408,C0266998,C0030214
979,703,C0266998,C0399591
980,1883,C0266998,C0236065
981,1015,C0267005,C0577566
982,704,C0267032,C0577565
983,2175,C0267167,C0426633
984,1016,C0267172,C0042963
985,1884,C0267172,C0152165
986,705,C0267173,C0270274
987,706,C0267173,C0042963
988,132,C0267204,C0589525
989,1302,C0267204,C0027498
990,1885,C0267204,C0042963
991,2176,C0267206,C0577566
992,1303,C0267397,C0030193
993,133,C0267436,C0011991
994,134,C0267437,C0011991
995,409,C0267438,C0011991
996,1304,C0267492,C0577566
997,410,C0267509,C0009806
998,707,C0267509,C0401149
999,135,C0267510,C0009806
1000,1017,C0267511,C0009806
1001,136,C0267515,C0002758
1002,1018,C0267515,C0238637
1003,411,C0267517,C0426649
1004,1886,C0267518,C0426649
1005,412,C0267525,C0520905
1006,708,C0267525,C0156171
1007,1305,C0267525,C0042963
1008,2177,C0267545,C0016205
1009,137,C0267556,C0011991
1010,2178,C0267556,C0473131
1011,1590,C0267557,C0011991
1012,1887,C0267558,C0011991
1013,709,C0267602,C0159061
1014,1019,C0267613,C0267633
1015,2179,C0267645,C0391860
1016,2180,C0267656,C0011991
1017,2181,C0267658,C0011991
1018,710,C0267659,C0011991
1019,711,C0267660,C0011991
1020,2182,C0267661,C0011991
1021,1306,C0267662,C0011991
1022,2183,C0267663,C0011991
1023,1020,C0267771,C0375556
1024,1021,C0267786,C0577573
1025,1888,C0267834,C0577566
1026,1307,C0267868,C2585575
1027,1022,C0267977,C0038187
1028,413,C0268005,C0520966
1029,414,C0268029,C0020440
1030,415,C0268029,C0085383
1031,416,C0268040,C0038187
1032,417,C0268055,C0020440
1033,1889,C0268226,C0027066
1034,1591,C0268305,C1262535
1035,1890,C0268316,C0476232
1036,138,C0268317,C0476232
1037,712,C0268318,C0033776
1038,1891,C0268344,C0235980
1039,2184,C0268813,C0032617
1040,139,C0268877,C0577568
1041,418,C0268919,C0406671
1042,2185,C0268919,C0451941
1043,1023,C0268979,C0232982
1044,140,C0268982,C0232983
1045,713,C0269099,C0041889
1046,1308,C0269099,C0030193
1047,1592,C0269100,C0030193
1048,1024,C0269102,C0030193
1049,1025,C0269103,C0030193
1050,1892,C0269104,C0030193
1051,714,C0269106,C0030193
1052,1309,C0269107,C0030193
1053,1893,C0269108,C0030193
1054,419,C0269109,C0030193
1055,141,C0269110,C0030193
1056,715,C0269111,C0030193
1057,2186,C0269112,C0030193
1058,142,C0269113,C0030193
1059,2187,C0269114,C0030193
1060,420,C0269115,C0030193
1061,1593,C0269116,C0030193
1062,1594,C0269117,C0030193
1063,1595,C0269118,C0030193
1064,1026,C0269119,C0030193
1065,421,C0269120,C1301340
1066,1027,C0269120,C0030193
1067,1028,C0269150,C0520589
1068,1894,C0269173,C2919424
1069,143,C0269178,C2919424
1070,1895,C0269188,C0577570
1071,1896,C0269220,C0240715
1072,2188,C0269220,C0577570
1073,2189,C0269268,C0156324
1074,1310,C0269315,C0028961
1075,422,C0269660,C0036572
1076,423,C0269662,C0042963
1077,1311,C0269662,C0020450
1078,144,C0269663,C0042963
1079,2190,C0269663,C0020450
1080,424,C0269664,C0020450
1081,1312,C0269664,C0042963
1082,2191,C0269665,C0042963
1083,425,C0269839,C0233138
1084,716,C0269977,C0405326
1085,1313,C0270148,C0010520
1086,1314,C0270148,C0235777
1087,717,C0270149,C0476273
1088,1029,C0270206,C1565887
1089,1315,C0270210,C1565887
1090,2192,C0270218,C1565887
1091,1897,C0270328,C0014394
1092,1316,C0270615,C0695252
1093,1596,C0270705,C0029625
1094,1030,C0270708,C0478145
1095,426,C0270736,C0234378
1096,427,C0270736,C1961111
1097,2193,C0270737,C0027066
1098,1317,C0270743,C0004158
1099,1597,C0270750,C0007758
1100,1031,C0270756,C0007758
1101,1898,C0270757,C0004158
1102,1318,C0270758,C0004158
1103,1598,C0270759,C0004158
1104,1599,C0270788,C0221166
1105,145,C0270793,C0375214
1106,2194,C0270793,C0018991
1107,1319,C0270794,C0521671
1108,1600,C0270794,C0375214
1109,1601,C0270805,C0018991
1110,1899,C0270813,C0026838
1111,1320,C0270814,C0264588
1112,146,C0270819,C0036572
1113,1900,C0270819,C0751495
1114,1032,C0270820,C0036572
1115,1602,C0270820,C0490011
1116,1901,C0270820,C0751495
1117,1603,C0270821,C0036572
1118,1321,C0270822,C0751495
1119,2195,C0270822,C0036572
1120,1033,C0270823,C0036572
1121,1604,C0270824,C0036572
1122,1034,C0270825,C0036572
1123,1902,C0270825,C0751495
1124,2196,C0270826,C0036572
1125,147,C0270830,C0490011
1126,1903,C0270830,C0036572
1127,428,C0270831,C0490011
1128,429,C0270831,C0036572
1129,1322,C0270837,C0036572
1130,430,C0270838,C0494475
1131,1323,C0270838,C0490011
1132,718,C0270846,C0036572
1133,1904,C0270846,C0490011
1134,1324,C0270847,C0036572
1135,1605,C0270847,C0751495
1136,148,C0270849,C0751495
1137,1035,C0270849,C0036572
1138,431,C0270850,C0036572
1139,1036,C0270851,C0036572
1140,1325,C0270853,C0036572
1141,1905,C0270854,C0036572
1142,149,C0270855,C0027066
1143,719,C0270857,C0036572
1144,1037,C0270858,C0423649
1145,1326,C0270859,C0018681
1146,720,C0270860,C0018681
1147,1906,C0270860,C0042571
1148,2197,C0270861,C0018681
1149,1038,C0270862,C0018681
1150,150,C0270871,C0684219
1151,1327,C0270883,C0018991
1152,151,C0270953,C0037763
1153,1328,C0270971,C0159036
1154,721,C0270977,C0027066
1155,1907,C0270997,C0235267
1156,432,C0271060,C0577560
1157,152,C0271184,C0155001
1158,1908,C0271187,C0271190
1159,2198,C0271216,C0271234
1160,2199,C0271240,C0729341
1161,1606,C0271291,C0278134
1162,153,C0271317,C0542354
1163,154,C0271388,C0585540
1164,1607,C0271405,C0271404
1165,1329,C0271417,C0391860
1166,722,C0271487,C0522364
1167,1039,C0271487,C0042571
1168,1608,C0271487,C0521815
1169,2200,C0271487,C0395923
1170,155,C0271490,C0391860
1171,723,C0271508,C0152228
1172,724,C0271509,C0152228
1173,1330,C0271510,C0034880
1174,1909,C0271518,C0159036
1175,2201,C0271609,C0042755
1176,156,C0271787,C0333252
1177,2202,C0272021,C0038187
1178,433,C0272088,C0521800
1179,1331,C0272088,C0010520
1180,1332,C0272104,C0010520
1181,1040,C0272267,C0041834
1182,2203,C0272268,C0041834
1183,157,C0272269,C0041834
1184,1333,C0272391,C0577566
1185,2204,C0272391,C0577562
1186,1910,C0272407,C0577564
1187,434,C0274440,C0406411
1188,725,C0275526,C0014034
1189,1609,C0275746,C0332573
1190,1911,C0275747,C0041834
1191,1041,C0275753,C0262977
1192,1334,C0275852,C0333422
1193,1335,C0275983,C0011991
1194,1610,C0276013,C0333422
1195,1336,C0276014,C0333422
1196,1611,C0276015,C0333422
1197,1612,C0276022,C0577572
1198,435,C0276467,C0011991
1199,1337,C0276468,C0011991
1200,1613,C0276478,C0011991
1201,1338,C0276572,C0013404
1202,726,C0276573,C1720342
1203,1042,C0276577,C1719857
1204,158,C0276584,C1720231
1205,2205,C0276672,C0041834
1206,1339,C0276726,C0007940
1207,1043,C0277509,C0030193
1208,159,C0277526,C0011991
1209,1044,C0277527,C0011991
1210,160,C0277528,C0011991
1211,161,C0278085,C2712367
1212,1614,C0278110,C0018991
1213,1912,C0278110,C0375218
1214,2206,C0278110,C0375214
1215,162,C0278111,C0375218
1216,1615,C0278112,C0018991
1217,727,C0278113,C0018991
1218,1340,C0278116,C0375214
1219,436,C0278117,C0375214
1220,1341,C0278122,C0278125
1221,1616,C0278135,C0840927
1222,728,C0278162,C0520966
1223,1617,C0278162,C0004134
1224,2207,C0278179,C0840927
1225,437,C0278186,C0036572
1226,1045,C0278187,C0036572
1227,729,C0278188,C0036572
1228,1618,C0278188,C0751495
1229,2208,C0278188,C0490011
1230,730,C0278189,C0036572
1231,1913,C0278189,C0490011
1232,163,C0278192,C0490011
1233,1619,C0278192,C0036572
1234,2209,C0278192,C0751495
1235,438,C0278193,C0490011
1236,1046,C0278193,C0036572
1237,164,C0278195,C0490011
1238,1914,C0278195,C0036572
1239,1342,C0278196,C0036572
1240,1915,C0278196,C0490011
1241,1916,C0278197,C0490011
1242,2210,C0278197,C0036572
1243,1047,C0278198,C0036572
1244,165,C0278199,C0751495
1245,166,C0278199,C0036572
1246,439,C0278199,C0490011
1247,1048,C0278201,C0036572
1248,1343,C0278201,C0490011
1249,167,C0278202,C0490011
1250,440,C0278202,C0751495
1251,731,C0278202,C0036572
1252,732,C0278203,C0490011
1253,1049,C0278203,C0751495
1254,1917,C0278203,C0036572
1255,1344,C0278212,C0042818
1256,1345,C0278213,C0042818
1257,1346,C0281913,C0577595
1258,2211,C0281913,C0158369
1259,733,C0282309,C0406218
1260,2212,C0282492,C0030232
1261,1620,C0301918,C1304408
1262,1918,C0301918,C0406411
1263,1347,C0302369,C1562677
1264,2213,C0311262,C1280008
1265,1050,C0311267,C0011991
1266,168,C0311268,C0011991
1267,734,C0311312,C0030193
1268,441,C0311334,C0270844
1269,1051,C0311334,C0490011
1270,1621,C0311334,C0036572
1271,1622,C0311335,C0036572
1272,735,C0333997,C0406218
1273,2214,C0338443,C0007758
1274,442,C0338458,C2712367
1275,1052,C0338465,C0040485
1276,443,C0338478,C0036572
1277,1623,C0338479,C0036572
1278,736,C0338480,C0018681
1279,444,C0338481,C0018681
1280,1919,C0338483,C0018681
1281,1920,C0338484,C0018681
1282,169,C0338485,C0018681
1283,1053,C0338486,C0018681
1284,1921,C0338489,C0018681
1285,1624,C0338490,C0018681
1286,1054,C0338497,C1561817
1287,445,C0338534,C0029089
1288,1348,C0338536,C0030193
1289,737,C0338553,C0030193
1290,1922,C0338933,C0232857
1291,1349,C0339230,C0391860
1292,1055,C0339471,C1319543
1293,1350,C0339471,C1319544
1294,170,C0339473,C1319539
1295,171,C0339473,C1319540
1296,1625,C0339655,C0155347
1297,2215,C0339663,C0034933
1298,446,C0339741,C0271234
1299,447,C0339743,C0271234
1300,738,C0339823,C0577562
1301,1923,C0339842,C0577562
1302,739,C0340021,C0030193
1303,1626,C0340099,C0333240
1304,1351,C0340102,C0333240
1305,448,C0340103,C0333240
1306,172,C0340105,C0333240
1307,1924,C0340164,C0577564
1308,2216,C0340164,C0587047
1309,173,C0340241,C0577562
1310,740,C0340288,C0348588
1311,1627,C0340288,C0002962
1312,1628,C0340288,C0030193
1313,741,C0340289,C0030193
1314,1056,C0340289,C0002962
1315,1057,C0340289,C0348588
1316,742,C0340548,C0577563
1317,1925,C0340548,C0577562
1318,449,C0340849,C0039070
1319,1926,C0340850,C0039070
1320,1058,C0340851,C0039070
1321,1629,C0340852,C0039070
1322,174,C0340854,C0039070
1323,450,C0340854,C0235242
1324,175,C0340856,C0039070
1325,743,C0340857,C0039070
1326,451,C0341017,C0333422
1327,1630,C0341021,C0041834
1328,2217,C0341089,C0232476
1329,176,C0341225,C0577566
1330,2218,C0341286,C0149696
1331,1631,C0341353,C0577566
1332,452,C0341420,C0009806
1333,1927,C0341850,C0577570
1334,1352,C0341858,C0030193
1335,453,C0341957,C0036572
1336,2219,C0342100,C0567522
1337,1928,C0342517,C0042755
1338,744,C0342961,C0006625
1339,1632,C0342962,C0006625
1340,177,C0342965,C0242706
1341,2220,C0342965,C0020440
1342,2221,C0342965,C0085383
1343,454,C0343042,C0332573
1344,1059,C0343042,C0221201
1345,178,C0343065,C0406399
1346,179,C0343065,C0406408
1347,2222,C0343065,C0406403
1348,1060,C0343200,C0030193
1349,1353,C0343214,C0030193
1350,180,C0343228,C0587050
1351,1354,C0343265,C0030193
1352,745,C0343266,C0030193
1353,2223,C0343267,C0030193
1354,1633,C0343467,C0041834
1355,1061,C0343678,C0221201
1356,1634,C0343681,C0085641
1357,1929,C0343686,C0333422
1358,455,C0343729,C0577566
1359,456,C0343730,C0577294
1360,181,C0343741,C0240007
1361,746,C0343755,C0006625
1362,182,C0343836,C0262977
1363,747,C0343950,C0577573
1364,2224,C0343970,C0577566
1365,183,C0344248,C0155344
1366,1355,C0345141,C0577563
1367,1930,C0347630,C0577566
1368,1635,C0347868,C1571858
1369,748,C0347873,C0036572
1370,1931,C0347874,C0036572
1371,184,C0347894,C0231623
1372,185,C0347894,C0393916
1373,186,C0347894,C0458960
1374,457,C0347894,C0423717
1375,458,C0347894,C0458171
1376,749,C0347894,C0458959
1377,1062,C0347894,C0278147
1378,1063,C0347894,C0423708
1379,1356,C0347894,C0027796
1380,1636,C0347894,C0234248
1381,1637,C0347894,C0423710
1382,2225,C0347894,C0458221
1383,750,C0347895,C0027796
1384,751,C0347942,C2921132
1385,1638,C0347949,C0155001
1386,459,C0348626,C0232119
1387,1064,C0348626,C0235477
1388,1639,C0348626,C0232130
1389,752,C0348727,C0232520
1390,2226,C0348727,C0221727
1391,2227,C0348742,C0426769
1392,460,C0348751,C0522067
1393,1640,C0348751,C1262535
1394,2228,C0349255,C0917801
1395,1932,C0349493,C1301340
1396,1933,C0349698,C0159057
1397,2229,C0349716,C0030193
1398,1641,C0376288,C0149793
1399,187,C0376356,C0232959
1400,188,C0376356,C0232960
1401,2230,C0376356,C0578674
1402,1357,C0392060,C0030193
1403,2231,C0392060,C0029089
1404,1934,C0392156,C0159036
1405,753,C0392439,C0085641
1406,1935,C0392550,C0018991
1407,1642,C0392571,C0271234
1408,189,C0392702,C0234375
1409,190,C0392702,C0578675
1410,191,C0392702,C2919320
1411,461,C0392702,C0234369
1412,462,C0392702,C0239779
1413,463,C0392702,C0037763
1414,464,C0392702,C0040822
1415,754,C0392702,C0004158
1416,755,C0392702,C0026838
1417,756,C0392702,C0277820
1418,757,C0392702,C0520822
1419,1065,C0392702,C0234378
1420,1066,C0392702,C0576705
1421,1358,C0392702,C0231530
1422,1359,C0392702,C0234373
1423,1360,C0392702,C0343494
1424,1361,C0392702,C2315430
1425,1362,C0392702,C0015644
1426,1643,C0392702,C0234362
1427,1644,C0392702,C0234370
1428,1936,C0392702,C0009024
1429,1937,C0392702,C0234371
1430,1938,C0392702,C0234374
1431,2232,C0392702,C0151818
1432,2233,C0392702,C0231514
1433,2234,C0392702,C0234372
1434,2235,C0392702,C0234377
1435,2236,C0392702,C0234379
1436,2237,C0392702,C0427086
1437,2238,C0392702,C0520821
1438,2239,C0392702,C0751564
1439,2240,C0392702,C1827253
1440,2241,C0392702,C0476217
1441,1363,C0393484,C0036572
1442,2242,C0393519,C0007758
1443,1067,C0393524,C0007758
1444,758,C0393572,C0234363
1445,2243,C0393587,C0393588
1446,192,C0393593,C0013421
1447,465,C0393593,C0393610
1448,1068,C0393593,C0393588
1449,193,C0393602,C0152116
1450,466,C0393604,C0005747
1451,2244,C0393612,C1961111
1452,467,C0393613,C1961111
1453,2245,C0393614,C1961111
1454,1645,C0393615,C1961111
1455,468,C0393618,C0027066
1456,1069,C0393619,C0027066
1457,2246,C0393620,C0027066
1458,1364,C0393623,C0027066
1459,1646,C0393624,C0027066
1460,469,C0393625,C0027066
1461,1070,C0393626,C0027066
1462,1365,C0393640,C0221540
1463,1647,C0393669,C0036572
1464,1648,C0393671,C0036572
1465,1939,C0393672,C0036572
1466,1940,C0393673,C0036572
1467,1941,C0393674,C0036572
1468,194,C0393675,C0036572
1469,1071,C0393676,C0036572
1470,1942,C0393677,C0036572
1471,470,C0393678,C0036572
1472,1649,C0393679,C0036572
1473,471,C0393680,C0036572
1474,195,C0393681,C0036572
1475,2247,C0393682,C0036572
1476,759,C0393683,C0036572
1477,196,C0393684,C0036572
1478,1366,C0393687,C0036572
1479,472,C0393688,C0036572
1480,1072,C0393689,C0036572
1481,760,C0393690,C0036572
1482,197,C0393691,C0036572
1483,198,C0393692,C0036572
1484,473,C0393693,C0036572
1485,1943,C0393695,C0036572
1486,199,C0393697,C0036572
1487,1367,C0393698,C0036572
1488,474,C0393699,C0036572
1489,1073,C0393700,C0036572
1490,200,C0393701,C0036572
1491,1368,C0393702,C0036572
1492,761,C0393703,C0036572
1493,1074,C0393706,C0036572
1494,1944,C0393713,C0036572
1495,201,C0393714,C0036572
1496,2248,C0393715,C0036572
1497,1075,C0393717,C0036572
1498,202,C0393718,C0036572
1499,762,C0393719,C0036572
1500,203,C0393720,C0751495
1501,475,C0393720,C0036572
1502,204,C0393722,C0036572
1503,1945,C0393723,C0036572
1504,1946,C0393724,C0036572
1505,763,C0393725,C0036572
1506,476,C0393726,C0036572
1507,1369,C0393727,C0036572
1508,1076,C0393728,C0036572
1509,2249,C0393729,C0036572
1510,1650,C0393731,C0036572
1511,1947,C0393732,C0036572
1512,205,C0393733,C0036572
1513,1651,C0393733,C0751495
1514,2250,C0393733,C0490011
1515,764,C0393734,C0751495
1516,1077,C0393734,C0036572
1517,765,C0393735,C0018681
1518,1370,C0393735,C0341865
1519,1652,C0393735,C0751191
1520,1948,C0393736,C0018681
1521,1653,C0393737,C0018681
1522,1371,C0393738,C0018681
1523,766,C0393739,C0018681
1524,1078,C0393741,C0018681
1525,2251,C0393742,C0018681
1526,477,C0393743,C0018681
1527,1079,C0393744,C0018681
1528,206,C0393745,C0018681
1529,478,C0393746,C0751188
1530,2252,C0393746,C0018681
1531,767,C0393751,C0018681
1532,768,C0393755,C0018681
1533,1654,C0393758,C0917801
1534,2253,C0393762,C0917799
1535,769,C0393771,C1561817
1536,1080,C0393771,C0476209
1537,1372,C0393774,C0424284
1538,770,C0393776,C0233973
1539,2254,C0393776,C0030193
1540,1655,C0393786,C0030193
1541,1373,C0393787,C0030193
1542,771,C0393788,C0030193
1543,207,C0393829,C0030193
1544,2255,C0393833,C0030193
1545,772,C0393901,C0393903
1546,1949,C0393901,C0423721
1547,1374,C0393960,C0375214
1548,1656,C0394004,C0004134
1549,1657,C0394006,C0476206
1550,773,C0394013,C2712367
1551,1950,C0395865,C0271412
1552,774,C0395876,C0271412
1553,2256,C0395920,C0042571
1554,2257,C0395921,C0042571
1555,479,C0395932,C0476206
1556,480,C0395932,C0042571
1557,2258,C0396005,C0037763
1558,1658,C0398350,C0333240
1559,775,C0399418,C0399411
1560,1659,C0399493,C0332573
1561,208,C0400875,C0011991
1562,1951,C0400964,C0476232
1563,481,C0401144,C0728950
1564,1952,C0401144,C0042963
1565,1375,C0401146,C1536397
1566,2259,C0401146,C0009806
1567,1376,C0403608,C0458090
1568,1660,C0403660,C0014394
1569,2260,C0403661,C0014394
1570,209,C0403721,C0476293
1571,1081,C0404545,C0030193
1572,482,C0404559,C0341866
1573,776,C0404559,C0236075
1574,1082,C0404559,C0341865
1575,1083,C0404559,C0404561
1576,1084,C0405072,C0405064
1577,483,C0405079,C0042963
1578,1661,C0405080,C0020450
1579,1953,C0405080,C0042963
1580,1954,C0405081,C0042963
1581,1085,C0405082,C0042963
1582,1377,C0405322,C0085688
1583,777,C0405479,C0149741
1584,778,C0406044,C0033774
1585,779,C0406047,C0152030
1586,2261,C0406138,C0041834
1587,780,C0406139,C0041834
1588,1955,C0406238,C0033774
1589,1086,C0406298,C0033774
1590,1662,C0406299,C0033774
1591,2262,C0406300,C0033774
1592,1663,C0406301,C0033774
1593,2263,C0406329,C0085641
1594,210,C0406330,C0085641
1595,1956,C0406409,C0157725
1596,2264,C0406409,C0033774
1597,1087,C0406418,C0041834
1598,484,C0406507,C0030232
1599,211,C0406508,C0030232
1600,1378,C0406509,C0030232
1601,212,C0406531,C0041834
1602,1957,C0406532,C0041834
1603,213,C0406533,C0041834
1604,214,C0406534,C0041834
1605,485,C0406535,C0041834
1606,215,C0406536,C0041834
1607,486,C0406539,C0041834
1608,1379,C0406541,C0041834
1609,1380,C0406543,C0041834
1610,216,C0406567,C0406569
1611,1088,C0406598,C0041834
1612,781,C0406616,C1301340
1613,1381,C0406629,C0240941
1614,217,C0406670,C0041889
1615,487,C0406670,C0030193
1616,782,C0406670,C0520588
1617,1382,C0406670,C0241709
1618,1958,C0406670,C1960183
1619,2265,C0406688,C0521160
1620,1959,C0406691,C0041834
1621,488,C0406698,C0013196
1622,218,C0406740,C0036572
1623,1664,C0406778,C0030232
1624,2266,C0406792,C0033774
1625,1665,C0406844,C0030201
1626,1960,C0406844,C0008035
1627,783,C0406875,C0406881
1628,489,C0409264,C0575020
1629,1383,C0409264,C0574999
1630,219,C0409273,C0574998
1631,490,C0409781,C0424853
1632,220,C0409782,C0424853
1633,1961,C0409783,C0424853
1634,221,C0410060,C0581326
1635,1089,C0410157,C0030193
1636,1962,C0410205,C0158297
1637,2267,C0410238,C0178422
1638,1666,C0410249,C0030193
1639,784,C0411024,C0241902
1640,491,C0411277,C0041834
1641,1384,C0413299,C0392674
1642,1385,C0413299,C0695252
1643,1386,C0422846,C0036572
1644,1667,C0422846,C0490011
1645,1090,C0422853,C0490011
1646,1963,C0422853,C0751495
1647,1964,C0422853,C0036572
1648,222,C0422855,C0042571
1649,492,C0422855,C0522350
1650,1387,C0422855,C0036572
1651,223,C0422859,C0036572
1652,493,C0422859,C0490011
1653,785,C0423074,C0423075
1654,1668,C0423086,C0522337
1655,224,C0423682,C0024031
1656,494,C0423690,C0003862
1657,1965,C0423690,C1540714
1658,1669,C0423692,C0159036
1659,225,C0423704,C0423717
1660,1388,C0423704,C0159036
1661,786,C0423711,C0030193
1662,787,C0423712,C0030193
1663,495,C0423738,C0238637
1664,1966,C0423738,C0034886
1665,1670,C0424291,C0424359
1666,1091,C0424734,C0041834
1667,226,C0426636,C0159061
1668,788,C0426784,C0040485
1669,1389,C0426970,C0375223
1670,496,C0427023,C0162298
1671,1967,C0427105,C0159036
1672,1092,C0427129,C0575081
1673,1671,C0427164,C0701824
1674,2268,C0427164,C0575081
1675,1093,C0438414,C0036572
1676,1968,C0438418,C0036572
1677,1390,C0442874,C0027796
1678,1672,C0451714,C0577566
1679,497,C0451910,C0041834
1680,1391,C0452138,C1719454
1681,1969,C0452160,C0024031
1682,1970,C0452200,C0087169
1683,227,C0452201,C0087169
1684,228,C0453877,C2712367
1685,1392,C0453878,C2712367
1686,1971,C0454533,C0454542
1687,1673,C0454534,C2712367
1688,229,C0454548,C0003564
1689,230,C0454549,C0003564
1690,498,C0454550,C0003564
1691,231,C0454588,C0478145
1692,1393,C0454589,C0520966
1693,1674,C0454590,C0520966
1694,232,C0454591,C0520966
1695,1675,C0454609,C2712367
1696,499,C0454615,C0520966
1697,1094,C0454618,C2712367
1698,1394,C0454619,C0520966
1699,1095,C0454630,C2712367
1700,500,C0454635,C2712367
1701,501,C0455715,C0018991
1702,502,C0456018,C1541982
1703,233,C0456043,C0410921
1704,234,C0456052,C0036572
1705,1395,C0456071,C0456122
1706,789,C0456750,C0042571
1707,1972,C0457000,C0041834
1708,1096,C0457014,C0700590
1709,2269,C0457949,C0024031
1710,235,C0458101,C0018681
1711,236,C0458167,C0008031
1712,503,C0458167,C0458166
1713,1676,C0458219,C0030193
1714,1677,C0458220,C0030193
1715,1973,C0458224,C0036396
1716,2270,C0458224,C0030193
1717,2271,C0458225,C0000737
1718,2272,C0458225,C0158194
1719,504,C0459146,C0152116
1720,1097,C0459146,C0005747
1721,2273,C0459146,C0042256
1722,790,C0459151,C0406671
1723,1396,C0459151,C0451941
1724,1678,C0459151,C0268988
1725,237,C0459805,C0013196
1726,2274,C0472348,C0036572
1727,1679,C0472349,C0036572
1728,1680,C0472350,C0036572
1729,505,C0472351,C0036572
1730,1681,C0472354,C0036572
1731,506,C0472355,C0036572
1732,238,C0473118,C1565887
1733,239,C0473127,C0011991
1734,1397,C0473132,C0011991
1735,1682,C0473133,C0011991
1736,1098,C0473491,C0240715
1737,1099,C0473778,C0011991
1738,1398,C0473807,C0019079
1739,1399,C0474381,C0234706
1740,2275,C0474442,C1282197
1741,791,C0475521,C0036572
1742,240,C0475522,C0751188
1743,241,C0475522,C0018681
1744,1974,C0475522,C0701795
1745,242,C0476214,C0235031
1746,792,C0476214,C0029625
1747,1400,C0477758,C0577568
1748,1683,C0477758,C0577591
1749,2276,C0477961,C0456074
1750,243,C0494559,C0395959
1751,507,C0494559,C0395923
1752,1684,C0494559,C0521788
1753,244,C0519012,C0018991
1754,1685,C0520530,C0041834
1755,1100,C0520947,C0520966
1756,793,C0520998,C0155001
1757,1686,C0520998,C0029844
1758,2277,C0521517,C0030193
1759,2278,C0521664,C0018681
1760,508,C0521665,C0018681
1761,1101,C0521667,C0018681
1762,1687,C0521673,C0278134
1763,2279,C0521673,C0012766
1764,1102,C0521675,C0012766
1765,794,C0521801,C0010520
1766,1975,C0522253,C0018681
1767,2280,C0522254,C0018681
1768,795,C0522255,C0578055
1769,1688,C0522255,C0278147
1770,796,C0543820,C0041834
1771,1401,C0543820,C0030193
1772,509,C0546212,C0157725
1773,1402,C0546212,C0033774
1774,2281,C0546351,C0333422
1775,797,C0546393,C0332573
1776,1976,C0546878,C0234131
1777,2282,C0546878,C0037763
1778,2283,C0549118,C0036572
1779,798,C0549201,C0033774
1780,1403,C0549201,C0157725
1781,510,C0549567,C0233200
1782,799,C0549567,C0005409
1783,1689,C0549567,C0013196
1784,1977,C0549567,C0339251
1785,2284,C0549567,C1279511
1786,800,C0553565,C1290643
1787,1103,C0553565,C1290644
1788,1104,C0553587,C0036572
1789,245,C0553604,C0037763
1790,511,C0553642,C0159036
1791,801,C0553694,C0030214
1792,802,C0553760,C0423707
1793,1690,C0553760,C0423715
1794,1978,C0553760,C0423708
1795,2285,C0553760,C0423713
1796,2286,C0553760,C0423714
1797,1105,C0553977,C0240608
1798,246,C0554309,C0159064
1799,1404,C0554467,C0033774
1800,1405,C0554467,C0157725
1801,247,C0555970,C0264272
1802,1979,C0559027,C0155066
1803,1406,C0560922,C0041834
1804,1691,C0563633,C0029844
1805,1692,C0564774,C0030193
1806,803,C0565576,C0231528
1807,804,C0565822,C0271234
1808,1980,C0565822,C0155047
1809,805,C0565878,C0405064
1810,1981,C0566748,C1301340
1811,512,C0567085,C0423610
1812,806,C0567085,C0000737
1813,1106,C0567085,C0041889
1814,248,C0574713,C0041834
1815,1407,C0574714,C0041834
1816,1693,C0574715,C0041834
1817,2287,C0574913,C0240715
1818,1694,C0575031,C0578055
1819,1695,C0575031,C0158194
1820,1982,C0575032,C0008031
1821,2288,C0575032,C0677061
1822,807,C0576533,C0034933
1823,1107,C0577711,C0041834
1824,1408,C0577725,C0159055
1825,1409,C0578159,C0011991
1826,1983,C0581287,C0041834
1827,1108,C0581348,C0158206
1828,1696,C0581395,C0343731
1829,808,C0582505,C0577570
1830,1109,C0585051,C0036396
1831,1410,C0585051,C0030193
1832,513,C0585052,C0030193
1833,1110,C0585052,C0036396
1834,2289,C0585541,C0585542
1835,2290,C0585543,C1321324
1836,1984,C0585561,C0027066
1837,249,C0586323,C0036572
1838,250,C0586323,C0490011
1839,2291,C0595865,C0476232
1840,251,C0595948,C0036572
1841,2292,C0595948,C0490011
1842,809,C0595956,C0041834
1843,2293,C0686532,C0159065
1844,810,C0686533,C0159065
1845,1411,C0686558,C0577564
1846,514,C0687754,C1565887
1847,2294,C0699848,C0405584
1848,515,C0700201,C0037317
1849,811,C0700201,C0917801
1850,2295,C0700201,C0917799
1851,2296,C0700201,C0947785
1852,2297,C0700438,C0018681
1853,252,C0701163,C0042755
1854,1697,C0702100,C0263634
1855,1111,C0702143,C0155344
1856,1698,C0729254,C0695252
1857,516,C0729261,C0577566
1858,517,C0729735,C0577572
1859,1985,C0729771,C0242429
1860,518,C0729793,C0156402
1861,519,C0730120,C0577560
1862,253,C0740441,C0011991
1863,254,C0741026,C0030193
1864,520,C0741026,C0348588
1865,1699,C0741026,C0002962
1866,812,C0741032,C0030193
1867,1700,C0741032,C0348588
1868,1986,C0741032,C0002962
1869,521,C0743332,C0264588
1870,813,C0743332,C0005747
1871,255,C0743381,C0036572
1872,1112,C0743381,C0490011
1873,2298,C0744644,C0018681
1874,814,C0745890,C0030193
1875,1412,C0748355,C0476273
1876,256,C0750949,C1540979
1877,1113,C0750949,C0004604
1878,1701,C0750992,C0159036
1879,257,C0751019,C0149793
1880,522,C0751120,C0036572
1881,2299,C0751122,C0036572
1882,1413,C0751185,C0018681
1883,2300,C0751226,C0917799
1884,1987,C0751362,C0917799
1885,1114,C0751383,C0027066
1886,1115,C0751406,C0030193
1887,1414,C0751510,C0231835
1888,815,C0751523,C0036572
1889,816,C0751524,C0751495
1890,1116,C0751524,C0036572
1891,1415,C0751642,C0036572
1892,523,C0751643,C0036572
1893,258,C0751774,C0427086
1894,259,C0751778,C0036572
1895,1416,C0751778,C0027066
1896,817,C0751783,C0036572
1897,2301,C0751783,C0027066
1898,1702,C0751785,C0036572
1899,1988,C0751785,C0027066
1900,1989,C0751931,C0231623
1901,260,C0751946,C0027066
1902,1703,C0752196,C0427086
1903,1704,C0752289,C0037317
1904,524,C0851578,C0476212
1905,818,C0851578,C0393757
1906,1117,C0851578,C0476211
1907,2302,C0851578,C0037317
1908,1118,C0852271,C0270274
1909,261,C0863106,C0490011
1910,1990,C0863106,C0036572
1911,1119,C0870082,C0038605
1912,525,C0877440,C0041834
1913,1991,C0948268,C0029854
1914,1417,C0948349,C0152029
1915,1418,C1096063,C0036572
1916,1120,C1112639,C0577561
1917,1419,C1141936,C0010520
1918,262,C1253936,C0311222
1919,263,C1253936,C0152031
1920,1992,C1253936,C0158157
1921,1121,C1263748,C0391860
1922,1420,C1265579,C0041834
1923,264,C1268586,C0027796
1924,2303,C1268586,C0030193
1925,265,C1269791,C0344244
1926,266,C1269791,C0521764
1927,526,C1269791,C0155344
1928,527,C1269791,C0521763
1929,528,C1269791,C0585566
1930,819,C1269791,C0344240
1931,1421,C1269791,C0151205
1932,1422,C1269791,C0349683
1933,1993,C1269791,C0344246
1934,1994,C1269791,C0349681
1935,1995,C1269791,C1321325
1936,1996,C1270923,C1571956
1937,820,C1271073,C0155001
1938,1997,C1271073,C0547030
1939,529,C1272174,C0547030
1940,1122,C1274149,C0577561
1941,821,C1274284,C0030232
1942,1998,C1274285,C0030232
1943,1123,C1274293,C1304408
1944,530,C1274299,C0476267
1945,822,C1274332,C0577565
1946,1999,C1274380,C0041834
1947,531,C1274381,C0041834
1948,2304,C1274382,C0041834
1949,2000,C1274605,C0041834
1950,1124,C1274606,C0041834
1951,2001,C1274607,C0041834
1952,2305,C1274608,C0041834
1953,1125,C1274609,C0041834
1954,823,C1274675,C0263538
1955,1126,C1274675,C0149651
1956,532,C1274681,C0221261
1957,1423,C1274749,C0016382
1958,824,C1274751,C0406548
1959,825,C1274820,C0240715
1960,2306,C1274820,C0577569
1961,267,C1274856,C1304408
1962,268,C1274903,C0033774
1963,533,C1274903,C0157725
1964,2002,C1274904,C0033774
1965,2003,C1274932,C0406411
1966,826,C1274933,C0041834
1967,2004,C1274939,C0041834
1968,1424,C1274940,C0016382
1969,1425,C1274942,C0041834
1970,827,C1274949,C0013196
1971,1705,C1274960,C0041834
1972,1426,C1274972,C0406548
1973,534,C1274988,C1997818
1974,2307,C1275040,C0033774
1975,1706,C1275050,C0030193
1976,269,C1275434,C0041834
1977,2005,C1275454,C0239340
1978,828,C1275455,C0156308
1979,270,C1275460,C0033774
1980,1127,C1275488,C0041834
1981,829,C1275968,C0033774
1982,1707,C1275974,C0577564
1983,2006,C1276129,C0241165
1984,1128,C1277259,C0391860
1985,271,C1277276,C0004604
1986,2007,C1277670,C0159040
1987,830,C1278535,C0348588
1988,1708,C1278535,C0030193
1989,2008,C1278535,C0002962
1990,1709,C1279983,C0041834
1991,1129,C1281944,C0030193
1992,1427,C1282196,C1282194
1993,831,C1282232,C0391860
1994,2308,C1282376,C0155347
1995,1428,C1282765,C0013395
1996,832,C1282895,C0578994
1997,535,C1283803,C0003126
1998,1429,C1285162,C0005409
1999,2309,C1285333,C0007943
2000,1130,C1285471,C0547030
2001,536,C1285537,C0235777
2002,272,C1290036,C0473563
2003,833,C1290048,C0406401
2004,1710,C1290072,C0264272
2005,834,C1290121,C0577561
2006,1430,C1290136,C0426785
2007,273,C1290143,C0040485
2008,835,C1290143,C0152116
2009,836,C1290145,C0040485
2010,2310,C1290145,C0426785
2011,537,C1290379,C0221154
2012,837,C1290611,C0401157
2013,838,C1290613,C0401158
2014,1131,C1290613,C0401157
2015,1711,C1290613,C0027498
2016,1712,C1290613,C0152165
2017,1713,C1290613,C0520904
2018,538,C1290785,C0030214
2019,839,C1290795,C0472514
2020,274,C1290807,C0011991
2021,2009,C1290807,C0151791
2022,2311,C1290807,C0473129
2023,840,C1290841,C0393588
2024,275,C1290846,C0155382
2025,2010,C1290846,C0029089
2026,276,C1290849,C0269671
2027,841,C1290849,C0270261
2028,842,C1290849,C0270777
2029,1132,C1290849,C0151205
2030,1133,C1290849,C0236065
2031,1134,C1290849,C1290771
2032,277,C1290857,C0456073
2033,2011,C1290857,C0456074
2034,2312,C1290857,C0151205
2035,843,C1290864,C1301340
2036,1431,C1290864,C0401020
2037,1714,C1290864,C0000727
2038,1715,C1290864,C0403568
2039,2313,C1290864,C0403569
2040,278,C1290865,C0423713
2041,844,C1290865,C0238532
2042,1432,C1290865,C0423714
2043,279,C1290866,C0423714
2044,1135,C1290866,C0423713
2045,280,C1290876,C0423713
2046,845,C1290876,C0423709
2047,1716,C1290876,C0221166
2048,539,C1290877,C0751460
2049,1433,C1290878,C0423714
2050,1717,C1290878,C0423707
2051,2314,C1290878,C0423708
2052,846,C1290880,C0240920
2053,2315,C1290882,C0521663
2054,1718,C1290884,C0007940
2055,540,C1298685,C0281856
2056,541,C1298760,C0029854
2057,1719,C1298989,C0036572
2058,847,C1299435,C0030193
2059,1720,C1299435,C0002962
2060,1136,C1299436,C0030193
2061,2012,C1299436,C0002962
2062,1137,C1299437,C0002962
2063,1434,C1299437,C0030193
2064,848,C1299438,C0002962
2065,1435,C1299438,C0030193
2066,281,C1299439,C0030193
2067,542,C1299439,C0002962
2068,1721,C1299439,C0348588
2069,282,C1299440,C0348588
2070,849,C1299440,C0002962
2071,2316,C1299440,C0030193
2072,283,C1299598,C0036572
2073,1722,C1299608,C0476273
2074,543,C1299926,C0333249
2075,284,C1300028,C0409557
2076,285,C1300028,C0521516
2077,544,C1300028,C0406881
2078,850,C1300028,C0027796
2079,851,C1300028,C0267028
2080,852,C1300028,C0423721
2081,1138,C1300028,C0151828
2082,1139,C1300028,C0393903
2083,1140,C1300028,C0405495
2084,1436,C1300028,C0017672
2085,1437,C1300028,C1996961
2086,1438,C1300028,C0030193
2087,1723,C1300028,C0274369
2088,1724,C1300028,C0403568
2089,1725,C1300028,C0473234
2090,2013,C1300028,C0403569
2091,2014,C1300028,C0729341
2092,2317,C1300028,C0002962
2093,2318,C1300028,C0281856
2094,853,C1301339,C0030193
2095,545,C1301398,C1301340
2096,854,C1301829,C0159036
2097,855,C1302110,C0751188
2098,856,C1302110,C0270697
2099,1726,C1302110,C0701795
2100,2319,C1302110,C0018681
2101,286,C1302248,C0004604
2102,287,C1302248,C0030193
2103,2015,C1302248,C1540979
2104,857,C1302539,C0577570
2105,1727,C1302710,C1290771
2106,858,C1302789,C0033775
2107,546,C1302820,C0240941
2108,859,C1302820,C0456073
2109,2016,C1302820,C0456074
2110,860,C1302834,C0268988
2111,861,C1302834,C0451941
2112,2017,C1302834,C0406671
2113,1439,C1302854,C0473563
2114,2018,C1304055,C0033774
2115,547,C1304076,C0024031
2116,1728,C1304204,C1304408
2117,2320,C1304360,C0041834
2118,862,C1304387,C0221261
2119,1141,C1304407,C1304408
2120,863,C1304410,C0406411
2121,2321,C1304463,C0333240
2122,288,C1304464,C0333240
2123,2019,C1304478,C0236065
2124,289,C1304483,C0156308
2125,2322,C1304494,C0033774
2126,2020,C1313946,C0041834
2127,548,C1313963,C0011991
2128,549,C1319848,C0424284
2129,2021,C1321490,C0333240
2130,864,C1321575,C0490011
2131,1142,C1321575,C0036572
2132,2323,C1331543,C1287517
2133,290,C1393778,C0009806
2134,1143,C1399352,C0018681
2135,550,C1410262,C0036572
2136,1729,C1412035,C0575090
2137,551,C1443290,C0030193
2138,865,C1443291,C0030193
2139,866,C1446219,C0159036
2140,1144,C1449721,C0085688
2141,867,C1456822,C0023222
2142,1730,C1504547,C0271276
2143,1731,C1510417,C0478145
2144,1440,C1527351,C0423721
2145,1732,C1527351,C0423710
2146,2022,C1527351,C0393903
2147,2023,C1527353,C0030193
2148,552,C1531394,C1565887
2149,553,C1533040,C0577560
2150,291,C1533847,C0521516
2151,554,C1533847,C0005747
2152,555,C1533847,C0026826
2153,556,C1534238,C0020639
2154,557,C1534255,C1283829
2155,2024,C1534531,C0020530
2156,2324,C1534561,C0027796
2157,558,C1534916,C0039070
2158,868,C1534916,C0424535
2159,1145,C1534916,C0234428
2160,292,C1534965,C0423006
2161,869,C1535033,C0027424
2162,1733,C1535033,C0264274
2163,870,C1535054,C0264345
2164,293,C1535080,C0025587
2165,2325,C1535339,C0575010
2166,871,C1535388,C0312416
2167,1441,C1535418,C0017672
2168,2326,C1535418,C0241426
2169,559,C1535555,C0009193
2170,872,C1536114,C0030193
2171,1734,C1536114,C0423720
2172,2327,C1536458,C0221232
2173,2025,C1537218,C0341961
2174,1146,C1540374,C0149696
2175,1735,C1540606,C0149793
2176,560,C1540625,C0343731
2177,1736,C1540722,C0917801
2178,1147,C1541811,C1283829
2179,2026,C1542018,C0027066
2180,294,C1542574,C1565887
2181,1148,C1546197,C0259813
2182,561,C1561855,C0917799
2183,873,C1561862,C1313952
2184,1149,C1561892,C0037317
2185,874,C1563308,C1442877
2186,875,C1563321,C0399459
2187,562,C1565172,C0018681
2188,2027,C1571826,C0042755
2189,2328,C1571827,C0266996
2190,295,C1571952,C0005747
2191,1737,C1571952,C0027066
2192,2329,C1571952,C0152116
2193,296,C1571959,C0234664
2194,876,C1571960,C0007758
2195,2028,C1571968,C0152029
2196,563,C1576410,C0041834
2197,564,C1578669,C0235267
2198,2029,C1578669,C0423006
2199,1738,C1578692,C0221232
2200,877,C1578794,C1280008
2201,2030,C1578956,C0221232
2202,1150,C1579022,C0259813
2203,1442,C1579723,C0027796
2204,878,C1611178,C0012766
2205,1739,C1621769,C0695252
2206,565,C1628308,C0029844
2207,1151,C1630648,C0149696
2208,566,C1636157,C0339249
2209,2031,C1642392,C0406218
2210,567,C1642397,C0010200
2211,1443,C1665347,C0007758
2212,1740,C1690985,C0339249
2213,297,C1691006,C0547030
2214,568,C1704330,C0563234
2215,1444,C1704330,C0040460
2216,1152,C1704421,C1279511
2217,2032,C1704421,C0013196
2218,2033,C1704421,C0262977
2219,569,C1719788,C0520966
2220,570,C1719883,C0151726
2221,571,C1720062,C0155004
2222,1741,C1720062,C0233769
2223,1742,C1720062,C0155001
2224,572,C1720077,C0155004
2225,2330,C1720077,C0233769
2226,298,C1720149,C0030193
2227,573,C1720149,C0027796
2228,574,C1720189,C0520966
2229,1153,C1720189,C0007758
2230,879,C1720416,C0520966
2231,1743,C1720571,C0339250
2232,2331,C1735856,C0018681
2233,1744,C1827052,C0018681
2234,2332,C1827190,C0018681
2235,575,C1827250,C0005747
2236,1745,C1827284,C0036572
2237,2034,C1827389,C0036572
2238,880,C1827396,C0037763
2239,2035,C1827396,C0036572
2240,576,C1827624,C0018681
2241,881,C1827629,C0018681
2242,1445,C1827691,C0036572
2243,2036,C1827878,C0036572
2244,2037,C1827966,C0018681
2245,577,C1827974,C0036572
2246,882,C1827983,C0018681
2247,578,C1828175,C0036572
2248,2038,C1834570,C0027066
2249,1446,C1868745,C0012766
2250,1154,C1868889,C0009806
2251,1746,C1959853,C0178422
2252,579,C1959864,C0375229
2253,299,C1959865,C0917799
2254,2333,C1960052,C0020440
2255,883,C1960172,C0577572
2256,884,C1960271,C0018681
2257,580,C1960276,C0011991
2258,1447,C1960544,C0577568
2259,1747,C1960676,C0027066
2260,885,C1960709,C0018681
2261,1748,C1960869,C0042571
2262,2039,C1960870,C0018681
2263,886,C1960877,C0027066
2264,1155,C1961123,C0375226
2265,887,C1971624,C0426579
2266,2334,C1971624,C0426583
2267,300,C1971759,C0020450
2268,2040,C1971759,C0312416
2269,2335,C1996989,C0011991
2270,1749,C1997249,C0030193
2271,888,C1997440,C0587242
2272,889,C1997771,C0020440
2273,2041,C1997918,C0159057
2274,1448,C1998127,C2919424
2275,301,C1998254,C0027066
2276,581,C1998392,C0159057
2277,1156,C2004401,C0343211
2278,2336,C2004411,C0040460
2279,1750,C2004435,C1280008
2280,2337,C2004487,C0037763
2281,1751,C2035047,C0036572
2282,1157,C2158436,C0424853
2283,890,C2239278,C1260880
2284,891,C2242981,C0155004
2285,2042,C2242981,C0233769
2286,582,C2267233,C0026827
2287,1752,C2267233,C0343239
2288,1158,C2315264,C0009806
2289,2043,C2315519,C0028961
2290,1159,C2315536,C0838227
2291,583,C2316074,C0587243
2292,1449,C2316225,C0018681
2293,584,C2316708,C0009806
2294,2044,C2316756,C0751295
2295,1753,C2349425,C0018681
2296,1450,C2363129,C0036572
2297,892,C2363423,C0343239
2298,302,C2584703,C0333252
2299,303,C2711086,C0007942
2300,1754,C2711235,C0878706
2301,304,C2711445,C0333228
2302,2338,C2711653,C0036572
2303,1451,C2711736,C0036572
2304,1452,C2711743,C0027066
2305,893,C2733582,C1282194
2306,2339,C2919482,C0333243
2307,2045,C2919600,C0232503
2308,1755,C2919641,C0159064
2309,585,C2919725,C0401020
2310,586,C2919725,C0159065
2311,587,C2919808,C0577561
2312,2046,C2919808,C0577572
2313,588,C2919930,C0476303
2314,1160,C2937217,C0577562
2315,1161,C2939435,C0232593
2316,894,C2959492,C0558920
2317,1162,C2959494,C0577561
2318,895,C2959868,C0587050
2319,305,C2960037,C0577569
2320,1163,C2960037,C0240715
2321,2047,C2960211,C0587047
2322,1164,C2960290,C0240007
2323,306,C2960306,C0577566
2324,589,C2960451,C0577561
2325,590,C2960589,C0577566
2326,2048,C2960744,C0577561
2327,1165,C2960769,C0577572
2328,1756,C2980106,C0033774
2329,1453,C2980107,C0033774
2330,2049,C2981137,C0036572
2331,896,C3164057,C0577563
2332,1757,C3164623,C0577563
2333,1166,C3245524,C0159043
2334,2050,C3247203,C0041834
2335,307,C3249881,C0264272
2336,591,C3263719,C0577560
2337,1454,C3266099,C0577294
2338,897,C3266155,C0030193
2339,2340,C3266155,C0000737
